{"block_name":"示例区块","block_schema":"{\"title\":\"垂直布局\",\"key\":\"cc08c481-fa53-4c56-81ae-d4301aa83a94\",\"icon\":\"anticon anticon-wallet\",\"isLeaf\":false,\"expanded\":true,\"children\":[{\"title\":\"导航条\",\"key\":\"3f83f816-9bff-4456-8e12-9fb3b445670f\",\"icon\":\"anticon anticon-setting\",\"isLeaf\":true,\"expanded\":true,\"children\":[],\"parentId\":\"cc08c481-fa53-4c56-81ae-d4301aa83a94\",\"comp_code\":\"Navigate\",\"model_config\":{\"name\":\"导航条\"},\"style_config\":{\"widthAuto\":true,\"width\":\"auto\",\"heightAuto\":true,\"height\":\"auto\",\"flex\":\"none\",\"marginTop\":0,\"marginBottom\":0,\"marginLeft\":0,\"marginRight\":0,\"paddingTop\":0,\"paddingBottom\":0,\"paddingLeft\":0,\"paddingRight\":0,\"background\":\"\",\"borderRadius\":\"\",\"boxShadow\":false},\"styleNew\":{\"width\":\"auto\",\"height\":\"auto\",\"flex\":\"none\",\"margin\":\"0px 0px 0px 0px\",\"padding\":\"0px 0px 0px 0px\",\"background\":\"\",\"border-radius\":\"\",\"box-shadow\":\"\"},\"model_key_map\":{}},{\"title\":\"水平布局\",\"key\":\"5470a0c1-3048-4061-9c87-b1b58f700c37\",\"icon\":\"anticon anticon-wallet\",\"isLeaf\":false,\"expanded\":true,\"children\":[{\"title\":\"树形控件\",\"key\":\"f482739e-3963-4318-92df-690b102a9a20\",\"icon\":\"anticon anticon-setting\",\"isLeaf\":true,\"expanded\":true,\"children\":[],\"parentId\":\"5470a0c1-3048-4061-9c87-b1b58f700c37\",\"comp_code\":\"Tree\",\"model_config\":{\"modelCode\":\"m_005\"},\"style_config\":{\"widthAuto\":false,\"width\":\"200px\",\"heightAuto\":true,\"height\":\"auto\",\"flex\":\"none\",\"marginTop\":16,\"marginBottom\":16,\"marginLeft\":16,\"marginRight\":0,\"paddingTop\":0,\"paddingBottom\":0,\"paddingLeft\":0,\"paddingRight\":0,\"background\":\"#FFFFFF\",\"borderRadius\":\"\",\"boxShadow\":false},\"styleNew\":{\"width\":\"200px\",\"height\":\"auto\",\"flex\":\"none\",\"margin\":\"16px 0px 16px 16px\",\"padding\":\"0px 0px 0px 0px\",\"background\":\"#FFFFFF\",\"border-radius\":\"\",\"box-shadow\":\"\"},\"model_key_map\":{\"modelCode\":\"m_005\"},\"model_data_map\":{}},{\"title\":\"垂直布局\",\"key\":\"dc12f011-58d3-4de7-84e6-619dcd41e9d7\",\"icon\":\"anticon anticon-wallet\",\"isLeaf\":false,\"expanded\":true,\"children\":[{\"title\":\"用户信息\",\"key\":\"ede80ea2-575d-49fa-8734-b82ea93d50f8\",\"icon\":\"anticon anticon-setting\",\"isLeaf\":true,\"expanded\":true,\"children\":[],\"parentId\":\"dc12f011-58d3-4de7-84e6-619dcd41e9d7\",\"comp_code\":\"BaseInfo\",\"model_config\":{\"modelCode\":\"m_007\"},\"style_config\":{\"widthAuto\":true,\"width\":\"auto\",\"heightAuto\":true,\"height\":\"auto\",\"flex\":\"none\",\"marginTop\":16,\"marginBottom\":0,\"marginLeft\":16,\"marginRight\":16,\"paddingTop\":0,\"paddingBottom\":0,\"paddingLeft\":0,\"paddingRight\":0,\"background\":\"\",\"borderRadius\":\"\",\"boxShadow\":false},\"styleNew\":{\"width\":\"auto\",\"height\":\"auto\",\"flex\":\"none\",\"margin\":\"16px 16px 0px 16px\",\"padding\":\"0px 0px 0px 0px\",\"background\":\"\",\"border-radius\":\"\",\"box-shadow\":\"\"},\"model_key_map\":{\"modelCode\":\"m_007\"}},{\"title\":\"折线图\",\"key\":\"3ccd1619-f8a8-4d05-bad7-08d73e280543\",\"icon\":\"anticon anticon-setting\",\"isLeaf\":true,\"expanded\":true,\"children\":[],\"parentId\":\"dc12f011-58d3-4de7-84e6-619dcd41e9d7\",\"comp_code\":\"Line\",\"model_config\":{\"modelCode\":\"m_009\"},\"style_config\":{\"widthAuto\":true,\"width\":\"auto\",\"heightAuto\":false,\"height\":\"300px\",\"flex\":\"none\",\"marginTop\":16,\"marginBottom\":0,\"marginLeft\":16,\"marginRight\":16,\"paddingTop\":0,\"paddingBottom\":0,\"paddingLeft\":0,\"paddingRight\":0,\"background\":\"#FFFFFF\",\"borderRadius\":\"\",\"boxShadow\":false},\"styleNew\":{\"width\":\"auto\",\"height\":\"300px\",\"flex\":\"none\",\"margin\":\"16px 16px 0px 16px\",\"padding\":\"0px 0px 0px 0px\",\"background\":\"#FFFFFF\",\"border-radius\":\"\",\"box-shadow\":\"\"},\"model_key_map\":{\"modelCode\":\"m_009\"}},{\"title\":\"表格\",\"key\":\"bec8ca85-211e-44c5-8cf9-bc99418e99b8\",\"icon\":\"anticon anticon-setting\",\"isLeaf\":true,\"expanded\":true,\"children\":[],\"parentId\":\"dc12f011-58d3-4de7-84e6-619dcd41e9d7\",\"comp_code\":\"Table\",\"model_config\":{\"modelCode\":\"m_002\"},\"style_config\":{\"widthAuto\":true,\"width\":\"auto\",\"heightAuto\":true,\"height\":\"auto\",\"flex\":\"none\",\"marginTop\":16,\"marginBottom\":0,\"marginLeft\":16,\"marginRight\":16,\"paddingTop\":0,\"paddingBottom\":0,\"paddingLeft\":0,\"paddingRight\":0,\"background\":\"#FFFFFF\",\"borderRadius\":\"\",\"boxShadow\":false},\"styleNew\":{\"width\":\"auto\",\"height\":\"auto\",\"flex\":\"none\",\"margin\":\"16px 16px 0px 16px\",\"padding\":\"0px 0px 0px 0px\",\"background\":\"#FFFFFF\",\"border-radius\":\"\",\"box-shadow\":\"\"},\"model_key_map\":{\"modelCode\":\"m_002\"},\"model_data_map\":{\"listArray\":[{\"field\":\"name\",\"desc\":\"人群名称\",\"type\":\"normal\"},{\"field\":\"source\",\"desc\":\"名称来源\",\"type\":\"normal\"},{\"field\":\"status\",\"desc\":\"状态\",\"type\":\"normal\"},{\"field\":\"calcStatus\",\"desc\":\"计算状态\",\"type\":\"normal\"},{\"field\":\"creator\",\"desc\":\"创建人\",\"type\":\"normal\"},{\"field\":\"createTime\",\"desc\":\"创建时间\",\"type\":\"normal\"}],\"dataArray\":[{\"id\":1005,\"name\":\"未发生-账户登陆\",\"status\":\"已生效\",\"calcStatus\":\"计算完成\",\"crowdCount\":0,\"updateDataTime\":\"2018-11-07 14:59:15\",\"createBy\":\"AEPLUS@talkingdata.com\",\"creator\":\"AEPLUS管理员\",\"updateBy\":\"AEPLUS@talkingdata.com\",\"createTime\":\"2018-11-07 14:59:10\",\"updateTime\":\"2018-11-07 14:59:10\",\"features\":\"\",\"source\":\"组合人群\",\"productId\":1400,\"tenantId\":\"121\",\"attr5\":\"212600\"},{\"id\":1004,\"name\":\"已发生-账户登陆\",\"status\":\"未生效\",\"calcStatus\":\"计算异常\",\"updateDataTime\":\"2018-10-25 20:32:41\",\"createBy\":\"AEPLUS@talkingdata.com\",\"creator\":\"AEPLUS管理员\",\"updateBy\":\"AEPLUS@talkingdata.com\",\"createTime\":\"2018-10-25 20:02:38\",\"updateTime\":\"2018-10-25 20:02:38\",\"source\":\"组合人群\",\"productId\":1400,\"tenantId\":\"121\",\"attr5\":\"181431\"},{\"id\":1003,\"name\":\"未发生-账户退出\",\"status\":\"未生效\",\"calcStatus\":\"计算异常\",\"updateDataTime\":\"2018-10-25 17:50:36\",\"createBy\":\"AEPLUS@talkingdata.com\",\"creator\":\"AEPLUS管理员\",\"updateBy\":\"AEPLUS@talkingdata.com\",\"createTime\":\"2018-10-25 17:20:33\",\"updateTime\":\"2018-10-25 17:20:33\",\"source\":\"组合人群\",\"productId\":1400,\"tenantId\":\"121\",\"attr5\":\"181173\"},{\"id\":1002,\"name\":\"已发生-账户退出\",\"status\":\"未生效\",\"calcStatus\":\"计算异常\",\"updateDataTime\":\"2018-10-25 17:01:11\",\"createBy\":\"AEPLUS@talkingdata.com\",\"creator\":\"AEPLUS管理员\",\"updateBy\":\"AEPLUS@talkingdata.com\",\"createTime\":\"2018-10-25 16:31:08\",\"updateTime\":\"2018-10-25 16:31:08\",\"source\":\"组合人群\",\"productId\":1400,\"tenantId\":\"121\",\"attr5\":\"181089\"}]}}],\"parentId\":\"5470a0c1-3048-4061-9c87-b1b58f700c37\",\"comp_code\":\"LayoutColumn\",\"model_config\":{},\"style_config\":{\"widthAuto\":true,\"width\":\"auto\",\"heightAuto\":true,\"height\":\"auto\",\"flex\":\"auto\",\"marginTop\":0,\"marginBottom\":0,\"marginLeft\":0,\"marginRight\":0,\"paddingTop\":0,\"paddingBottom\":0,\"paddingLeft\":0,\"paddingRight\":0,\"background\":\"\",\"borderRadius\":\"\",\"boxShadow\":false},\"styleNew\":{\"width\":\"auto\",\"height\":\"auto\",\"flex\":\"auto\",\"margin\":\"0px 0px 0px 0px\",\"padding\":\"0px 0px 0px 0px\",\"background\":\"\",\"border-radius\":\"\",\"box-shadow\":\"\"},\"model_key_map\":{},\"model_data_map\":{}}],\"parentId\":\"cc08c481-fa53-4c56-81ae-d4301aa83a94\",\"comp_code\":\"LayoutRow\",\"model_config\":{},\"style_config\":{\"widthAuto\":true,\"width\":\"auto\",\"heightAuto\":true,\"height\":\"auto\",\"flex\":\"none\",\"marginTop\":0,\"marginBottom\":0,\"marginLeft\":0,\"marginRight\":0,\"paddingTop\":0,\"paddingBottom\":0,\"paddingLeft\":0,\"paddingRight\":0,\"background\":\"\",\"borderRadius\":\"\",\"boxShadow\":false},\"styleNew\":{\"width\":\"auto\",\"height\":\"auto\",\"flex\":\"none\",\"margin\":\"0px 0px 0px 0px\",\"padding\":\"0px 0px 0px 0px\",\"background\":\"\",\"border-radius\":\"\",\"box-shadow\":\"\"},\"model_key_map\":{}}],\"parentId\":\"root-conch\",\"comp_code\":\"LayoutColumn\",\"model_config\":{},\"style_config\":{\"widthAuto\":true,\"width\":\"auto\",\"heightAuto\":true,\"height\":\"auto\",\"flex\":\"none\",\"marginTop\":0,\"marginBottom\":0,\"marginLeft\":0,\"marginRight\":0,\"paddingTop\":0,\"paddingBottom\":0,\"paddingLeft\":0,\"paddingRight\":0,\"background\":\"\",\"borderRadius\":\"\",\"boxShadow\":false},\"styleNew\":{\"width\":\"auto\",\"height\":\"auto\",\"flex\":\"none\",\"margin\":\"0px 0px 0px 0px\",\"padding\":\"0px 0px 0px 0px\",\"background\":\"\",\"border-radius\":\"\",\"box-shadow\":\"\"},\"model_key_map\":{},\"selected\":true}","block_code":"block_11413497"}