{
    "id": 19,
    "comp_name": "折线图",
    "comp_code": "Line",
    "comp_type": "other",
    "html_temp": "<div id=\"chart-base\" style=\"width: 100%; height: 100%;\"></div>",
    "style_temp": null,
    "script_temp_import": null,
    "script_temp_attr": null,
    "script_temp_func": "    initLineChart() {\r\n\r\n        const echarts = window['echarts'];\r\n        const tmpDom = document.getElementById('chart-base');\r\n        const chart = echarts.init(tmpDom);\r\n\r\n        const option = {\r\n            xAxis: {\r\n                type: 'category',\r\n                data: ['Mon', 'Tue', 'Wed', 'Thu', 'Fri', 'Sat', 'Sun']\r\n            },\r\n            yAxis: {\r\n                type: 'value'\r\n            },\r\n            series: [{\r\n                data: [820, 932, 901, 934, 1290, 1330, 1320],\r\n                type: 'line'\r\n            }]\r\n        };\r\n        chart.setOption(option, true);\r\n    }",
    "script_temp_init": "        this.initLineChart();"
}