{
    "id": 9,
    "model_name": "图表信息1",
    "model_code": "m_009",
    "model_type": "chart",
    "model_data": "{\r\n    \"xAxis\": {\r\n        \"type\": \"category\",\r\n        \"data\": [\r\n            \"Mon\",\r\n            \"Tue\",\r\n            \"Wed\",\r\n            \"Thu\",\r\n            \"Fri\",\r\n            \"Sat\",\r\n            \"Sun\"\r\n        ]\r\n    },\r\n    \"yAxis\": {\r\n        \"type\": \"value\"\r\n    },\r\n    \"series\": [\r\n        {\r\n            \"data\": [\r\n                820,\r\n                932,\r\n                901,\r\n                934,\r\n                1290,\r\n                1330,\r\n                1320\r\n            ],\r\n            \"type\": \"line\"\r\n        }\r\n    ]\r\n}"
}