{
    "id": 2,
    "model_name": "用户分群",
    "model_code": "m_002",
    "model_type": "table",
    "model_data": "{\r\n    \"listArray\": [\r\n        {\r\n            \"field\": \"name\",\r\n            \"desc\": \"人群名称\",\r\n            \"type\": \"normal\"\r\n        },\r\n        {\r\n            \"field\": \"source\",\r\n            \"desc\": \"名称来源\",\r\n            \"type\": \"normal\"\r\n        },\r\n        {\r\n            \"field\": \"status\",\r\n            \"desc\": \"状态\",\r\n            \"type\": \"normal\"\r\n        },\r\n        {\r\n            \"field\": \"calcStatus\",\r\n            \"desc\": \"计算状态\",\r\n            \"type\": \"normal\"\r\n        },\r\n        {\r\n            \"field\": \"creator\",\r\n            \"desc\": \"创建人\",\r\n            \"type\": \"normal\"\r\n        },\r\n        {\r\n            \"field\": \"createTime\",\r\n            \"desc\": \"创建时间\",\r\n            \"type\": \"normal\"\r\n        }\r\n    ],\r\n    \"dataArray\": [\r\n        {\r\n            \"id\": 1005,\r\n            \"name\": \"未发生-账户登陆\",\r\n            \"status\": \"已生效\",\r\n            \"calcStatus\": \"计算完成\",\r\n            \"crowdCount\": 0,\r\n            \"updateDataTime\": \"2018-11-07 14:59:15\",\r\n            \"createBy\": \"AEPLUS@talkingdata.com\",\r\n            \"creator\": \"AEPLUS管理员\",\r\n            \"updateBy\": \"AEPLUS@talkingdata.com\",\r\n            \"createTime\": \"2018-11-07 14:59:10\",\r\n            \"updateTime\": \"2018-11-07 14:59:10\",\r\n            \"features\": \"\",\r\n            \"source\": \"组合人群\",\r\n            \"productId\": 1400,\r\n            \"tenantId\": \"121\",\r\n            \"attr5\": \"212600\"\r\n        },\r\n        {\r\n            \"id\": 1004,\r\n            \"name\": \"已发生-账户登陆\",\r\n            \"status\": \"未生效\",\r\n            \"calcStatus\": \"计算异常\",\r\n            \"updateDataTime\": \"2018-10-25 20:32:41\",\r\n            \"createBy\": \"AEPLUS@talkingdata.com\",\r\n            \"creator\": \"AEPLUS管理员\",\r\n            \"updateBy\": \"AEPLUS@talkingdata.com\",\r\n            \"createTime\": \"2018-10-25 20:02:38\",\r\n            \"updateTime\": \"2018-10-25 20:02:38\",\r\n            \"source\": \"组合人群\",\r\n            \"productId\": 1400,\r\n            \"tenantId\": \"121\",\r\n            \"attr5\": \"181431\"\r\n        },\r\n        {\r\n            \"id\": 1003,\r\n            \"name\": \"未发生-账户退出\",\r\n            \"status\": \"未生效\",\r\n            \"calcStatus\": \"计算异常\",\r\n            \"updateDataTime\": \"2018-10-25 17:50:36\",\r\n            \"createBy\": \"AEPLUS@talkingdata.com\",\r\n            \"creator\": \"AEPLUS管理员\",\r\n            \"updateBy\": \"AEPLUS@talkingdata.com\",\r\n            \"createTime\": \"2018-10-25 17:20:33\",\r\n            \"updateTime\": \"2018-10-25 17:20:33\",\r\n            \"source\": \"组合人群\",\r\n            \"productId\": 1400,\r\n            \"tenantId\": \"121\",\r\n            \"attr5\": \"181173\"\r\n        },\r\n        {\r\n            \"id\": 1002,\r\n            \"name\": \"已发生-账户退出\",\r\n            \"status\": \"未生效\",\r\n            \"calcStatus\": \"计算异常\",\r\n            \"updateDataTime\": \"2018-10-25 17:01:11\",\r\n            \"createBy\": \"AEPLUS@talkingdata.com\",\r\n            \"creator\": \"AEPLUS管理员\",\r\n            \"updateBy\": \"AEPLUS@talkingdata.com\",\r\n            \"createTime\": \"2018-10-25 16:31:08\",\r\n            \"updateTime\": \"2018-10-25 16:31:08\",\r\n            \"source\": \"组合人群\",\r\n            \"productId\": 1400,\r\n            \"tenantId\": \"121\",\r\n            \"attr5\": \"181089\"\r\n        }\r\n    ]\r\n}"
}