{
    "id": 1,
    "model_name": "页面信息",
    "model_code": "m_001",
    "model_type": "table",
    "model_data": "{\"listArray\":[{\"field\":\"id\",\"desc\":\"ID\",\"type\":\"normal\"},{\"field\":\"name\",\"desc\":\"名称\",\"type\":\"normal\"},{\"field\":\"profile\",\"desc\":\"用户\",\"type\":\"normal\"},{\"field\":\"root_path\",\"desc\":\"根路径\",\"type\":\"normal\"}],\"dataArray\":[{\"id\":1,\"name\":\"conch7\",\"profile\":\"tommy\",\"base_path\":\"J:/test/conch7/src/app\",\"root_path\":\"J:/test/conch7\"},{\"id\":2,\"name\":\"aeplus_dev\",\"profile\":\"tommy\",\"base_path\":\"D:/_git_work/aeplus-front-end_dev/src/app/framework\",\"root_path\":\"D:/_git_work/aeplus-front-end_dev\"},{\"id\":3,\"name\":\"aeplus_test\",\"profile\":\"tommy\",\"base_path\":\"J:/test/aeplus/src/app/framework\",\"root_path\":\"J:/test/aeplus\"},{\"id\":4,\"name\":\"aeplus\",\"profile\":\"tommy\",\"base_path\":\"J:/test/aeplus/src/app\",\"root_path\":\"J:/test/aeplus\"},{\"id\":11,\"name\":\"ttt1\",\"profile\":\"tommy\",\"base_path\":\"J:/test/ttt1/src/app\",\"root_path\":\"J:/test/ttt1\"}]}"
}