[
    {
        "id": 1005,
        "name": "未发生-账户登陆",
        "status": "已生效",
        "calcStatus": "计算完成",
        "crowdCount": 0,
        "updateDataTime": "2018-11-07 14:59:15",
        "createBy": "AEPLUS@talkingdata.com",
        "creator": "AEPLUS管理员",
        "updateBy": "AEPLUS@talkingdata.com",
        "createTime": "2018-11-07 14:59:10",
        "updateTime": "2018-11-07 14:59:10",
        "features": "",
        "source": "组合人群",
        "productId": 1400,
        "tenantId": "121",
        "attr5": "212600"
    },
    {
        "id": 1004,
        "name": "已发生-账户登陆",
        "status": "未生效",
        "calcStatus": "计算异常",
        "updateDataTime": "2018-10-25 20:32:41",
        "createBy": "AEPLUS@talkingdata.com",
        "creator": "AEPLUS管理员",
        "updateBy": "AEPLUS@talkingdata.com",
        "createTime": "2018-10-25 20:02:38",
        "updateTime": "2018-10-25 20:02:38",
        "source": "组合人群",
        "productId": 1400,
        "tenantId": "121",
        "attr5": "181431"
    },
    {
        "id": 1003,
        "name": "未发生-账户退出",
        "status": "未生效",
        "calcStatus": "计算异常",
        "updateDataTime": "2018-10-25 17:50:36",
        "createBy": "AEPLUS@talkingdata.com",
        "creator": "AEPLUS管理员",
        "updateBy": "AEPLUS@talkingdata.com",
        "createTime": "2018-10-25 17:20:33",
        "updateTime": "2018-10-25 17:20:33",
        "source": "组合人群",
        "productId": 1400,
        "tenantId": "121",
        "attr5": "181173"
    },
    {
        "id": 1002,
        "name": "已发生-账户退出",
        "status": "未生效",
        "calcStatus": "计算异常",
        "updateDataTime": "2018-10-25 17:01:11",
        "createBy": "AEPLUS@talkingdata.com",
        "creator": "AEPLUS管理员",
        "updateBy": "AEPLUS@talkingdata.com",
        "createTime": "2018-10-25 16:31:08",
        "updateTime": "2018-10-25 16:31:08",
        "source": "组合人群",
        "productId": 1400,
        "tenantId": "121",
        "attr5": "181089"
    }
]