[
    {
        "id": 1,
        "name": "conch7",
        "profile": "tommy",
        "base_path": "J:/test/conch7/src/app",
        "root_path": "J:/test/conch7"
    },
    {
        "id": 2,
        "name": "aeplus_dev",
        "profile": "tommy",
        "base_path": "D:/_git_work/aeplus-front-end_dev/src/app/framework",
        "root_path": "D:/_git_work/aeplus-front-end_dev"
    },
    {
        "id": 3,
        "name": "aeplus_test",
        "profile": "tommy",
        "base_path": "J:/test/aeplus/src/app/framework",
        "root_path": "J:/test/aeplus"
    },
    {
        "id": 4,
        "name": "aeplus",
        "profile": "tommy",
        "base_path": "J:/test/aeplus/src/app",
        "root_path": "J:/test/aeplus"
    },
    {
        "id": 11,
        "name": "ttt1",
        "profile": "tommy",
        "base_path": "J:/test/ttt1/src/app",
        "root_path": "J:/test/ttt1"
    }
]