{
    "headerMajor": "3a508a8873f6cdc43c8edd231311b6830",
    "headerMinor": "用户 ID",
    "baseInfo": [
        {
            "name": "设备属性",
            "value": [
                {
                    "name": "sdk类型",
                    "value": "Push"
                },
                {
                    "name": "平台",
                    "value": "android"
                },
                {
                    "name": "设备机型",
                    "value": "Meizu"
                },
                {
                    "name": "用户唯一标识ID",
                    "value": "3a508a8873f6cdc43c8edd231311b6830"
                }
            ]
        }
    ],
    "theCrowd": [],
    "theLabel": [],
    "theInvalidLabel": []
}