{
    "id": 1005,
    "name": "未发生-账户登陆",
    "status": "已生效",
    "calcStatus": "计算完成",
    "crowdCount": 0,
    "updateDataTime": "2018-11-07 14:59:15",
    "createBy": "AEPLUS@talkingdata.com",
    "creator": "AEPLUS管理员",
    "updateBy": "AEPLUS@talkingdata.com",
    "createTime": "2018-11-07 14:59:10",
    "updateTime": "2018-11-07 14:59:10",
    "features": "",
    "source": "组合人群",
    "productId": 1400,
    "tenantId": "121",
    "attr5": "212600"
}